{
  "dependencies": {
    "mssql1": {
      "serviceConnectorResourceId": "/subscriptions/[parameters('subscriptionId')]/resourcegroups/[parameters('resourceGroupName')]/providers/Microsoft.Web/sites/3360FinalPeter/providers/Microsoft.ServiceLinker/linkers/ConnectionStringsTaskContext_27F17232BA",
      "secretStore": "AzureAppSettings",
      "resourceId": "/subscriptions/[parameters('subscriptionId')]/resourceGroups/[parameters('resourceGroupName')]/providers/Microsoft.Sql/servers/finalpeterdbserver/databases/TaskDb",
      "type": "mssql.azure",
      "connectionId": "ConnectionStrings:TaskContext",
      "dynamicId": null
    }
  }
}